year,0,1,2,3,4,5,6,7,8,9,10,11,12,13,14,15,16,17,18,19,20,21,22,23,24,25,26,27,28,29,30,31,32,33,34,35,36,37,38,39,40,41,42,43,44,45,46,47,48,49,50,51,52,53,54,55,56,57,58,59,60,61,62,63,64,65,66,67,68,69,70,71,72,73,74,75,76,77,78,79,80,81,82,83,84,85,86,87,88,89,90,91,92,93,94,95,96,97,98,99,100
2012,41355.834,39523.965,39554.502,40133.535,41449.98,42034.512,42271.749,42600.636,43370.457,43343.664,43315.389,44614.284,45647.862,45410.469,45544.668,45819.267,46546.734,47537.88,48392.37,49187.814,50501.217,51479.571,51656.904,49992.618,48993.828,48490.572,48841.299,49341.201,47684.169,48467.484,48483.669,48145.812,48922.536,46114.458,45143.319,44652.894,43087.278,44923.242,43547.595,44504.265,47832.681,52167.57,53426.178,51076.038,50009.505,50900.616,52128.96,56206.098,58264.83,58890.507,59703.072,61278.867,61730.76,60424.611,60760.713,60388.38,58273.02,58155.474,56296.344,54636.27,53050.53,51236.094,50049.363,49324.002,49498.995,52985.205,37734.606,37272.768,36775.089,38255.763,32839.365,29657.472,27803.1,26454.285,25228.827,23116.275,21981.96,20972.523,18794.646,18155.046,17323.956,16431.207,15525.51,13945.581,12885.405,11604.411,10110.828,8912.553,7608.627,6343.311,5280.21,4292.457,3216.603,2283.372,1748.955,1199.133,824.148,561.171,363.636,228.033,318.903
2013,41372.643,41363.127,39555.438,39588.588,40165.554,41479.191,42061.188,42296.28,42623.568,43391.244,43361.37,43329.468,44624.268,45654.141,45415.266,45550.908,45830.811,46566.351,47566.584,48428.913,49226.385,50538.384,51516.66,51695.241,50031.033,49029.396,48522.396,48867.741,49362.534,47703.747,48482.304,48492.639,48148.542,48918.402,46108.725,45132.126,44634.993,43064.307,44888.649,43506.879,44451.888,47761.779,52074.36,53315.379,50956.269,49877.88,50750.973,51957.789,55999.554,58027.632,58626.048,59409.987,60952.164,61373.91,60047.676,60353.397,59954.076,57824.598,57676.827,55799.367,54116.595,52506.09,50669.385,49450.596,48685.923,48806.121,52181.493,37114.584,36608.208,36063.261,37449.867,32085.222,28912.221,27036.672,25653.537,24390.093,22271.184,21097.401,20042.607,17875.104,17173.533,16288.701,15344.628,14384.916,12804.324,11709.633,10425.987,8971.677,7800.858,6560.502,5380.596,4399.98,3508.713,2575.287,1787.721,1337.076,893.841,598.182,396.006,249.21,349.206
2014,41373.15,41381.769,41395.575,39591.045,39622.05,40196.208,41507.076,42086.85,42320.226,42645.369,43409.769,43376.346,43340.544,44631.639,45659.835,45422.637,45564.207,45852.885,46598.253,47606.871,48471.735,49268.427,50580.348,51559.092,51735.645,50069.214,49064.34,48552.816,48893.247,49383.867,47723.208,48494.94,48498.723,48148.815,48912.279,46099.365,45116.565,44612.841,43035.759,44848.635,43459.494,44391.36,47682.102,51970.971,53193.933,50826.243,49736.232,50589.318,51772.422,55777.527,57773.274,58344.702,59100.249,60607.521,60999.12,59652.957,59927.517,59501.169,57357.066,57176.574,55277.781,53570.361,51934.428,50072.373,48820.395,48014.187,48075.924,51334.647,36461.256,35908.314,35312.667,36598.926,31287.204,28123.29,26226.369,24808.758,23506.704,21383.076,20170.098,19070.181,16916.289,16154.775,15219.282,14225.25,13215.891,11643.918,10528.44,9258.99,7859.709,6732.882,5570.838,4488.9,3601.182,2812.953,2019.264,1368.861,998.322,649.896,422.877,271.908,382.707
2015,41351.7,41384.304,41416.05,41432.313,39625.872,39654.03,40225.653,41534.064,42111.849,42342.924,42664.752,43425.486,43388.046,43348.773,44638.464,45668.493,45437.652,45588.504,45887.985,46642.596,47653.944,48518.379,49315.734,50627.733,51603.552,51775.776,50106.654,49097.763,48582.456,48918.87,49405.083,47740.407,48504.339,48501.96,48146.943,48902.412,46085.793,45096.87,44584.995,43002.063,44802.186,43404.153,44322.096,47592.558,51857.13,53062.035,50686.155,49582.689,50413.935,51572.703,55538.808,57502.341,58047.093,58773,60244.782,60605.805,59239.83,59482.917,59028.645,56868.123,56650.971,54728.973,52996.398,51331.995,49443.732,48156.381,47305.752,47306.025,50441.391,35772.438,35169.459,34519.29,35698.143,30442.23,27288.69,25371.021,23918.661,22577.802,20451.366,19199.661,18055.323,15920.229,15101.697,14116.791,13077.168,12026.391,10477.233,9357.621,8118.786,6790.368,5723.406,4653.051,3678.597,2890.992,2208.843,1548.573,1023.789,727.077,460.317,290.94,419.328
2016,41304.627,41364.921,41420.379,41454.309,41468.193,39659.1,39684.684,40253.85,41560.077,42135.483,42363.126,42681.249,43438.122,43397.133,43356.573,44648.526,45685.068,45464.328,45626.763,45936.189,46694.271,47705.19,48570.015,49367.838,50676.795,51647.661,51815.127,50142.573,49130.328,48611.901,48944.142,49423.881,47754.018,48510.735,48502.662,48141.015,48887.904,46067.658,45071.403,44551.806,42961.776,44747.352,43340.271,44243.784,47493.42,51733.071,52919.607,50533.938,49415.769,50224.824,51357.735,55284.489,57215.808,57732.48,58428.045,59863.908,60194.004,58808.334,59018.856,58533.93,56354.064,56097.912,54152.046,52391.274,50696.958,48780.693,47455.512,46558.2,46493.538,49499.112,35045.205,34388.328,33678.879,34743.774,29547.804,26407.212,24469.224,22982.037,21602.646,19475.664,18185.895,17000.139,14889.81,14015.313,12985.323,11908.104,10829.442,9319.752,8212.581,7021.131,5778.435,4786.002,3817.905,2957.136,2273.388,1696.578,1160.094,746.967,515.892,317.265,455.715
2017,41227.68,41319.72,41402.79,41460.549,41491.788,41502.435,39690.924,39714.207,40281.423,41585.115,42156.972,42380.598,42694.626,43448.067,43406.025,43368.117,44666.934,45713.733,45505.2,45678.282,45991.92,46749.963,47761.389,48626.76,49422.087,50725.701,51690.873,51852.918,50177.634,49162.698,48640.995,48966.879,49438.896,47764.47,48514.713,48499.737,48130.953,48869.145,46043.907,45040.476,44512.065,42913.611,44683.899,43267.185,44156.385,47385.039,51598.677,52764.738,50368.227,49235.199,50020.659,51128.103,55015.038,56912.388,57400.668,58065.696,59464.626,59763.366,58357.455,58532.76,58013.904,55813.095,55516.266,53543.568,51753.039,50026.821,48080.331,46715.37,45768.723,45635.811,48503.325,34275.423,33560.007,32787.729,33733.167,28602.639,25477.374,23519.769,21998.067,20580.69,18455.424,17130.906,15907.827,13826.241,12899.718,11832.366,10730.811,9640.878,8186.646,7109.115,5981.157,4837.599,3931.863,3073.239,2328.768,1748.877,1273.077,847.899,531.024,356.226,496.743
2018,41115.204,41244.801,41359.422,41444.481,41499.627,41527.473,41535.156,39721.539,39742.794,40307.475,41607.423,42175.224,42394.716,42705.312,43457.661,43418.622,43388.67,44698.173,45757.218,45560.073,45737.757,46052.058,46810.803,47822.541,48685.299,49475.829,50773.632,51732.525,51889.539,50212.188,49194.678,48667.554,48985.755,49450.596,47772.309,48514.752,48492.093,48116.055,48844.341,46014.54,45002.88,44464.095,42856.905,44611.125,43185.48,44060.445,47267.298,51452.505,52596.024,50188.515,49039.692,49802.064,50884.236,54729.207,56591.925,57051.618,57685.719,59046.936,59313.189,57885.204,58021.509,57466.032,55243.461,54902.094,52900.926,51078.612,49318.386,47340.15,45933.186,44934.63,44728.632,47448.687,33458.49,32680.947,31843.305,32664.528,27604.902,24497.733,22521.447,20966.01,19511.037,17392.791,16038.087,14779.557,12733.266,11762.166,10670.4,9560.733,8476.26,7093.515,6062.511,5013.06,3979.17,3169.179,2423.655,1794.195,1314.456,932.061,603.876,367.419,548.964
2019,40964.82,41134.275,41286.18,41402.634,41484.924,41536.56,41561.364,41566.629,39751.14,39769.782,40330.719,41626.416,42190.083,42406.143,42715.998,43471.584,43440.813,43422.6,44744.739,45814.782,45622.941,45801.678,46117.266,46876.44,47885.409,48743.526,49528.674,50819.886,51772.89,51925.887,50246.352,49223.889,48690.096,49001.16,49459.605,47776.209,48510.267,48480.003,48095.58,48813.921,45978.543,44957.133,44407.311,42791.268,44529.732,43095.429,43955.691,47138.559,51292.683,52412.958,49994.256,48830.613,49569.975,50625.627,54427.425,56254.614,56685.135,57287.724,58609.824,58841.172,57387.876,57482.802,56889.222,54641.73,54252.978,52221.429,50365.302,48569.313,46557.537,45106.308,44051.904,43767.087,46329.27,32591.052,31748.964,30844.125,31535.829,26553.072,23467.08,21473.751,19884.891,18395.949,16291.119,14908.569,13619.385,11618.022,10614.825,9514.518,8413.119,7351.539,6055.53,5087.004,4128.579,3211.572,2502.864,1870.206,1350.648,964.002,665.028,418.626,590.733
2020,40772.082,40986.036,41177.487,41330.952,41444.481,41523.339,41571.777,41593.89,41597.049,39779.025,39793.884,40350.609,41642.016,42202.407,42417.765,42730.974,43495.179,43476.771,43472.637,44806.32,45880.965,45690.528,45870.669,46186.92,46943.52,47947.692,48800.271,49579.53,50864.736,51812.943,51961.923,50277.942,49249.122,48708.972,49013.718,49464.519,47775.507,48500.985,48461.79,48069.177,48776.559,45934.2,44902.572,44341.518,42717.012,44439.525,42996.876,43840.719,46997.184,51118.899,52214.721,49786.035,48608.118,49323.378,50352.081,54109.302,55900.065,56301.141,56871.36,58151.535,58344.156,56863.521,56914.845,56279.106,54004.899,53565.72,51501.918,49610.262,47776.443,45729.528,44230.485,43115.358,42745.56,45140.589,31670.769,30762.225,29788.2,30345.12,25445.667,22384.596,20375.199,18756.855,17239.17,15151.773,13746.33,12434.682,10492.248,9472.476,8379.774,7303.725,6282.393,5086.887,4194.606,3336.567,2539.953,1934.205,1410.201,992.199,689.013,461.877,651.729
2021,40532.505,40795.287,41031.081,41224.209,41374.398,41484.144,41559.726,41605.395,41625.324,41625.714,39803.946,39814.71,40367.457,41655.276,42214.77,42433.95,42756.48,43533.438,43529.499,43538.118,44876.754,45951.906,45763.068,45944.106,46258.368,47010.405,48008.844,48855.183,49628.904,50908.962,51852.411,51995.385,50305.476,49270.611,48724.884,49022.142,49464.753,47770.164,48486.009,48438.039,48036.066,48730.461,45880.848,44838.846,44266.989,42634.566,44340.738,42888.222,43713.93,46842.9,50930.1,52001.859,49564.047,48371.349,49062.156,50063.325,53774.526,55528.083,55898.7,56433.78,57668.403,57819.84,56310.345,56313.66,55632.759,53330.316,52837.473,50739.468,48810.216,46936.695,44851.521,43300.179,42119.415,41659.644,43878.783,30695.613,29718.546,28673.307,29090.334,24281.4,21247.98,19227.507,17585.568,16041.753,13978.497,12558.39,11237.577,9370.179,8349.666,7281.417,6247.683,5283.174,4199.403,3394.209,2642.406,1965.717,1460.667,1037.673,710.346,479.388,720.096
2022,40247.064,40557.894,40842.204,41079.363,41269.059,41415.309,41521.662,41594.397,41637.804,41654.886,41651.259,39825.513,39832.299,40381.575,41668.653,42232.281,42461.211,42797.118,43588.623,43597.749,43612.686,44952.063,46027.761,45839.937,46019.103,46329.114,47075.574,48067.851,48908.535,49677.576,50952.603,51888.993,52024.362,50329.149,49289.019,48736.623,49025.808,49460.19,47758.854,48465.183,48407.463,47994.414,48675.393,45818.292,44766.228,44184.036,42543.774,44231.694,42767.985,43574.778,46674.459,50727.144,51774.801,49327.473,48120.111,48785.997,49759.086,53422.941,55138.161,55476.096,55972.488,57158.166,57266.196,55724.604,55676.205,54947.256,52614.666,52065.195,49931.271,47962.434,46045.701,43918.29,42310.164,41059.941,40505.946,42540.732,29663.517,28615.977,27497.652,27770.301,23058.048,20059.806,18035.199,16372.356,14807.793,12778.428,11357.229,10043.475,8266.323,7261.839,6234.813,5259.618,4366.518,3402.321,2691.663,2047.968,1486.758,1076.556,744.237,495.105,776.841
2023,39924.3,40274.52,40606.449,40892.046,41125.617,41311.257,41453.997,41557.425,41627.82,41668.263,41681.25,41673.372,39843.804,39847.353,40396.083,41687.217,42261.024,42504.033,42855.384,43660.11,43675.554,43692.285,45032.247,46107.75,45918.288,46093.281,46398.261,47138.793,48125.181,48961.146,49725.663,50993.553,51921.246,52049.049,50349,49302.864,48743.565,49024.599,49449.777,47741.967,48437.415,48368.229,47943.519,48610.497,45746.727,44685.342,44092.659,42443.037,44110.716,42635.697,43422.561,46493.226,50510.655,51532.962,49076.352,47854.092,48494.706,49439.247,53053.962,54727.881,55029.78,55485.222,56619.264,56679.207,55102.632,54999.477,54219.711,51855.219,51245.922,49074.168,47062.158,45098.04,42924.414,41256.384,39933.816,39282.165,41124.057,28572.57,27452.412,26259.792,26381.94,21777.951,18824.481,16799.445,15121.47,13544.895,11564.046,10158.018,8867.664,7195.851,6224.166,5254.392,4352.088,3542.175,2701.725,2089.113,1551.342,1097.538,773.409,519.675,825.006
2024,39570.531,39954.018,40324.986,40657.851,40939.938,41169.297,41351.31,41491.008,41591.823,41659.176,41695.446,41704.065,41692.092,39859.521,39862.875,40416.285,41717.559,42305.796,42564.99,42930.186,43741.152,43758.663,43776.954,45116.448,46189.377,45996.21,46166.016,46465.38,47200.218,48181.731,49013.133,49770.786,51029.823,51949.326,52070.343,50364.795,49312.107,48745.515,49017.54,49433.592,47718.099,48400.872,48319.791,47883.264,48536.319,45666.66,44595.876,43990.947,42330.834,43977.531,42490.5,43257.942,46299.123,50279.736,51275.874,48810.333,47573.643,48188.556,49103.769,52665.795,54294.903,54558.309,54969.876,56047.485,56055.636,54441.777,54280.473,53447.004,51049.323,50376.339,48163.206,46103.967,44088.096,41865.876,40135.563,38738.505,37985.844,39625.482,27420.471,26226.486,24956.724,24928.02,20446.257,17543.37,15524.418,13840.281,12266.085,10350.756,8976.162,7726.29,6173.622,5250.999,4352.751,3534.843,2816.541,2099.955,1584.882,1147.068,789.828,541.008,873.561
2025,39193.557,39602.316,40006.161,40377.948,40707.147,40984.905,41210.52,41389.452,41526.42,41624.115,41687.178,41718.963,41723.487,41708.199,39875.745,39884.052,40448.46,41764.554,42369.366,42642.99,43015.167,43827.732,43846.725,43865.679,45202.404,46270.302,46072.104,46236.411,46530.432,47260.59,48237.423,49062.117,49811.307,51061.491,51973.311,52086.918,50375.598,49316.241,48741.576,49004.631,49410.231,47685.612,48355.242,48261.603,47813.493,48453.444,45578.247,44496.348,43877.574,42206.619,43831.164,42333.369,43081.623,46091.838,50033.763,51003.108,48529.494,47278.608,47867.118,48750.624,52255.905,53837.004,54059.304,54422.94,55439.787,55392.792,53739.66,53516.853,52626.444,50193.273,49451.649,47193.042,45082.128,43011.891,40739.517,38945.283,37471.512,36613.473,38041.614,26205.894,24935.04,23591.139,23414.625,19064.448,16220.88,14217.801,12542.049,10987.314,9153.924,7827.807,6635.226,5213.871,4354.935,3539.757,2814.396,2192.307,1595.49,1173.705,826.878,553.41,920.361
2026,38799.228,39227.604,39656.565,40060.917,40428.687,40753.401,41027.298,41249.715,41425.839,41559.609,41652.897,41711.436,41739.243,41740.413,41724.696,39898.014,39918.06,40498.029,41831.088,42450.525,42731.208,43105.374,43919.031,43938.687,43955.886,45287.385,46349.355,46145.853,46304.856,46594.782,47320.494,48290.346,49106.109,49847.07,51089.454,51993.084,52098.93,50381.487,49314.447,48731.748,48984.507,49378.017,47643.999,48299.979,48194.289,47735.376,48361.677,45479.499,44385.003,43751.955,42069.768,43672.551,42164.655,42892.863,45870.903,49772.697,50714.82,48233.64,46968.441,47528.364,48377.16,51822.108,53352.234,53529.567,53841.138,54792.933,54687.75,52993.2,52705.341,51754.365,49282.467,48466.197,46157.709,43992.468,41865.915,39542.646,37683.009,36129.639,35162.4,36370.893,24925.173,23580.297,22168.614,21843.12,17637.009,14864.694,12892.737,11242.764,9724.806,7989.93,6728.904,5609.643,4329.039,3545.841,2822.04,2193.711,1668.186,1183.455,847.47,580.437,960.375
2027,38391.483,38835.42,39283.569,39713.115,40113.294,40476.423,40797.198,41067.585,41287.116,41459.925,41589.21,41677.896,41732.418,41757.027,41758.041,41747.589,39933.426,39969.891,40567.644,41915.562,42542.292,42825.12,43200.651,44014.23,44032.053,44045.04,45370.377,46425.99,46217.379,46372.365,46658.235,47377.122,48338.121,49145.46,49878.777,51112.893,52007.982,52105.365,50381.019,49306.647,48714.9,48955.647,49336.365,47592.753,48235.551,48118.512,47648.406,48259.029,45368.817,44261.334,43613.505,41921.334,43502.082,41983.89,42691.701,45636.201,49496.694,50411.244,47922.732,46641.66,47170.11,47981.856,51362.688,52837.2,52965.198,53221.311,54104.388,53937.351,52199.121,51841.959,50825.697,48311.094,47413.899,45052.956,42831.555,40647.399,38272.572,36345.426,34709.766,33630.363,34607.508,23580.609,22168.302,20690.709,20218.614,16172.208,13488.423,11565.645,9958.884,8495.721,6874.881,5694.78,4662.957,3529.032,2830.581,2202.759,1671.735,1239.381,855.894,595.881,1005.615
2028,37977.381,38429.976,38893.296,39341.718,39766.935,40162.317,40521.39,40838.577,41106,41322.138,41490.345,41614.95,41699.541,41750.865,41775.318,41782.026,41784.015,39987.285,40042.197,40655.667,42010.917,42639.831,42924.063,43299.516,44110.599,44124.327,44132.088,45450.873,46500.324,46287.891,46438.938,46718.568,47428.719,48380.826,49180.56,49906.155,51131.418,52017.42,52105.833,50374.896,49291.944,48689.199,48917.544,49285.041,47532.576,48162.894,48034.077,47551.062,48144.096,45245.577,44124.639,43463.004,41761.59,43319.406,41790.684,42477.357,45387.732,49205.364,50091.561,47594.82,46295.886,46790.679,47562.567,50873.979,52287.963,52363.74,52561.353,53371.617,53139.333,51354.381,50922.3,49834.473,47272.836,46290.504,43875.585,41596.62,39353.73,36925.746,34928.985,33209.748,32012.214,32755.008,22178.403,20700.576,19162.221,18550.623,14684.631,12108.798,10253.139,8707.803,7317.102,5824.377,4739.046,3805.893,2820.87,2212.509,1681.134,1243.905,897.858,602.823,1046.799
2029,37570.611,38017.98,38489.568,38953.005,39396.942,39817.284,40208.493,40563.9,40878.006,41141.958,41353.377,41516.982,41637.531,41718.612,41770.053,41800.356,41819.661,41839.005,40062.048,40133.496,40755,42112.122,42742.323,43026.399,43399.629,44205.993,44214.417,44216.562,45528.951,46573.566,46357.506,46502.43,46773.519,47475.09,48419.436,49211.058,49928.307,51144.405,52020.891,52100.49,50361.48,49267.959,48654.138,48869.73,49224.513,47464.209,48081.462,47938.839,47441.277,48016.137,45109.233,43975.893,43300.92,41589.99,43124.094,41584.725,42250.182,45125.418,48898.824,49754.523,47247.681,45929.403,46388.16,47116.446,50352.588,51702.105,51722.619,51858.222,52591.539,52289.445,50453.598,49939.773,48774.531,46163.91,45092.385,42622.359,40284.894,37981.32,35499.009,33431.736,31624.008,30310.761,30821.622,20719.92,19181.565,17591.691,16855.449,13192.257,10743.174,8972.886,7506.876,6205.446,4852.302,3872.7,3046.134,2207.946,1691.079,1252.875,902.616,633.516,1079.871
2030,37182.132,37613.316,38079.249,38550.876,39009.906,39448.812,39864.63,40252.095,40604.538,40915.29,41174.445,41380.989,41540.226,41657.265,41738.502,41796.222,41839.629,41876.679,41915.445,40156.116,40236.339,40860.3,42218.007,42847.857,43129.944,43498.728,44299.086,44301.855,44298.501,45605.898,46645.911,46423.962,46560.345,46823.088,47516.976,48453.366,49236.837,49945.116,51151.152,52018.239,52087.893,50339.133,49234.926,48609.756,48813.18,49156.029,47387.418,47989.422,47831.472,47318.7,47874.372,44960.526,43815.33,43126.785,41406.378,42915.756,41366.559,42010.332,44849.103,48575.202,49397.439,46879.638,45540.3,45959.277,46639.788,49795.668,51077.169,51039.378,51109.305,51760.137,51382.656,49490.61,48888.45,47641.698,44980.533,43816.344,41290.158,38892.126,36526.152,33989.67,31847.556,29955.159,28533.882,28809.183,19209.606,17619.81,15994.485,15153.567,11713.806,9409.92,7742.709,6372.912,5175.534,3970.005,3103.581,2387.58,1690.065,1262.274,910.611,637.962,1123.278
2031,36816.429,37225.89,37675.482,38141.181,38608.128,39062.049,39496.392,39908.622,40293.123,40641.939,40947.816,41202.057,41404.428,41560.389,41677.311,41764.593,41835.69,41896.959,41953.431,42009.396,40259.661,40342.731,40968.018,42324.75,42952.416,43230.096,43593.108,44387.187,44384.379,44377.008,45679.842,46713.381,46482.969,46610.889,46866.534,47552.856,48481.017,49255.635,49954.788,51150.996,52007.397,52065.078,50305.554,49191.207,48555.975,48747.855,49078.263,47299.59,47884.668,47711.04,47182.59,47719.308,44799.339,43642.014,42939.663,41209.584,42693.924,41135.796,41757.144,44557.149,48232.119,49018.203,46488,45125.145,45501.066,46130.448,49201.074,50410.269,50310.585,50310.468,50871.522,50411.478,48459.099,47763.534,46431.567,43718.727,42458.325,39874.419,37413.948,34985.223,32390.553,30178.317,28210.884,26682.318,26722.527,17655.144,16029.741,14389.128,13465.335,10268.427,8127.054,6579.417,5320.692,4239.222,3185.403,2435.745,1830.114,1263.327,918.879,644.67,1156.233
2032,36473.658,36861.045,37288.563,37738.038,38198.979,38660.544,39109.863,39540.579,39949.806,40330.641,40674.582,40975.467,41225.496,41424.513,41580.591,41703.831,41804.334,41893.332,41974.296,42048.006,42112.707,40366.716,40451.541,41076.438,42430.128,43053.036,43324.983,43682.145,44470.296,44463.471,44452.551,45748.833,46773.285,46534.527,46655.271,46904.013,47582.418,48501.609,49266.945,49957.206,51142.611,51986.142,52030.758,50261.289,49138.284,48493.458,48673.248,48989.226,47198.931,47766.693,47576.802,47033.103,47551.296,44625.282,43455.75,42739.242,40999.959,42459.144,40892.202,41489.37,44246.982,47867.157,48614.514,46070.076,44681.286,45010.758,45586.203,48566.349,49698.714,49532.691,49455.861,49919.259,49370.607,47354.658,46561.047,45140.355,42375.138,41014.272,38370.813,35847.669,33351.357,30704.388,28432.482,26392.041,24761.373,24573.471,16071.471,14430.429,12795.393,11813.49,8876.361,6912.672,5498.727,4362.93,3405.48,2503.137,1869.543,1370.031,921.024,651.573,1183.962
2033,36152.649,36519.327,36924.459,37351.587,37796.226,38251.746,38708.631,39154.284,39581.958,39987.441,40363.323,40702.272,40998.906,41245.581,41444.676,41607.072,41743.806,41862.522,41971.332,42069.729,42152.37,42219.879,40476.345,40560.858,41183.337,42531.84,43148.82,43414.995,43766.229,44549.817,44539.716,44523.219,45810.297,46825.779,46580.001,46693.764,46935.174,47604.96,48515.025,49271.313,49951.434,51124.047,51953.85,51985.752,50207.43,49076.274,48421.659,48587.409,48887.046,47085.402,47635.068,47429.304,46871.019,47369.673,44438.121,43255.992,42525.288,40778.049,42211.143,40634.061,41204.67,43916.769,47478.21,48183.252,45622.98,44206.227,44486.52,45004.674,47888.451,48938.682,48700.158,48539.556,48898.122,48255.285,46172.997,45277.635,43765.137,40945.593,39479.583,36776.454,34185.411,31627.128,28939.755,26611.026,24504.012,22782.006,22382.724,14477.346,12841.413,11234.613,10221.003,7557.225,5783.271,4513.899,3509.025,2679.495,1923.87,1401.504,1000.35,654.108,1208.415
2034,35853.129,36199.137,36583.287,36987.951,37410.165,37849.305,38300.301,38753.481,39195.858,39619.749,40020.24,40391.091,40725.75,41018.952,41265.744,41471.391,41647.32,41802.384,41941.185,42067.506,42174.834,42260.205,42329.313,40586.676,40669.044,41286.765,42628.755,43239.534,43499.859,43846.803,44626.335,44610.696,44586.165,45864.429,46872.189,46619.547,46726.212,46959.861,47620.56,48521.538,49267.764,49935.834,51094.485,51910.911,51931.191,50145.069,49005.645,48339.135,48488.934,48772.113,46958.535,47490.105,47269.053,46695.441,47173.971,44237.193,43042.896,42298.776,40543.581,41948.712,40359.618,40901.328,43564.989,47062.977,47721.609,45143.982,43697.745,43926.012,44383.56,47164.182,48124.908,47807.058,47556.366,47803.587,47062.041,44911.62,43909.944,42300.96,39425.49,37851.528,35083.464,32430.177,29821.701,27097.707,24719.292,22557.405,20762.976,20175.987,12892.269,11283.948,9728.511,8710.377,6329.037,4752.774,3634.722,2764.437,2062.164,1444.326,1024.881,711.594,1227.954
2035,35574.591,35900.592,36263.76,36647.286,37046.997,37463.595,37898.133,38345.385,38795.211,39233.844,39652.665,40048.086,40414.569,40746.03,41039.544,41292.732,41511.99,41706.483,41881.71,42038.1,42173.352,42283.371,42370.341,42439.215,40695.486,40773.33,41384.967,42720.444,43325.451,43581.525,43924.686,44698.134,44674.227,44641.584,45912.243,46912.71,46653.048,46751.913,46977.138,47629.101,48520.173,49254.387,49909.275,51054.315,51858.339,51867.894,50073.621,48923.628,48243.78,48377.511,48643.218,46818.681,47332.779,47095.581,46506.33,46964.151,44022.615,42816.891,42059.199,40295.19,41669.472,40066.962,40577.94,43188.99,46618.221,47227.245,44631.366,43153.929,43327.206,43719.624,46388.121,47251.425,46848.165,46501.767,46631.637,45787.014,43566.237,42452.904,40743.183,37811.982,36121.215,33294.105,30591.132,27936.012,25183.587,22767.693,20570.394,18727.8,17980.131,11337.339,9779.64,8298.342,7302.282,5207.046,3831.633,2867.085,2130.375,1550.328,1057.758,730.197,1280.526
2036,35314.539,35622.834,35965.878,36328.383,36706.722,37100.973,37512.93,37943.49,38387.349,38833.314,39266.877,39680.589,40071.642,40434.888,40766.661,41066.766,41333.877,41571.582,41786.355,41979.405,42144.804,42282.942,42394.677,42481.374,42548.025,40800.825,40872.819,41478.372,42807.336,43407.936,43660.539,43997.85,44762.484,44730.465,44691.231,45954.48,46947.225,46679.841,46770.477,46987.785,47629.959,48508.941,49230.051,49872.42,51004.941,51797.031,51795.276,49990.863,48829.131,48135.906,48252.633,48501.219,46666.347,47162.037,46908.459,46303.023,46739.823,43795.167,42578.016,41805.348,40030.536,41371.434,39754.845,40232.283,42786.003,46141.368,46697.547,44082.519,42572.361,42686.397,43007.718,45554.418,46312.539,45818.721,45372.015,45379.23,44427.084,42132.558,40901.757,39088.452,36095.787,34291.218,31418.4,28669.212,25975.326,23207.691,20774.364,18566.145,16701.087,15824.133,9834.123,8349.744,6963.879,6014.424,4202.835,3026.205,2212.431,1603.836,1137.045,754.767,1329.315
2037,35072.31,35363.484,35688.627,36030.93,36388.404,36761.283,37150.659,37558.56,37985.688,38425.647,38866.503,39294.879,39704.418,40092.234,40455.558,40794,41108.028,41393.937,41652.195,41884.869,42087.162,42255.408,42395.067,42506.49,42590.886,42652.935,40901.172,40967.316,41566.785,42890.835,43487.613,43734.444,44063.448,44819.541,44780.931,44735.301,45990.75,46975.032,46699.536,46782.216,46990.632,47621.262,48487.062,49195.497,49826.439,50946.87,51726.402,51711.309,49895.625,48722.037,48014.655,48114.69,48346.545,46501.104,46977.762,46706.946,46085.559,46501.767,43554.342,42324.672,41535.039,39748.293,41053.467,39420.81,39861.432,42353.493,45630.156,46130.253,43495.335,41950.038,41999.178,42242.538,44657.964,45304.428,44715.684,44164.146,44042.505,42977.025,40605.63,39253.266,37327.056,34279.284,32371.677,29457.09,26669.682,23950.134,21188.388,18762.393,16568.799,14709.669,13737.945,8403.876,7013.994,5741.892,4860.258,3323.58,2338.362,1667.991,1178.034,812.565,1379.742
2038,34849.347,35122.113,35429.901,35754.303,36091.536,36443.316,36811.281,37196.523,37600.992,38024.22,38458.992,38894.817,39318.981,39725.049,40112.943,40482.975,40835.652,41168.712,41475.291,41751.528,41993.445,42198.663,42368.391,42507.894,42617.211,42696.927,42753.087,40996.488,41057.016,41652.078,42971.799,43562.649,43801.212,44121.948,44870.631,44825.586,44773.17,46020.078,46995.663,46712.328,46786.077,46983.69,47601.684,48454.965,49151.856,49771.956,50879.868,51644.658,51614.589,49787.595,48601.605,47880.534,47964.111,48178.572,46322.562,46779.291,46491.354,45854.757,46249.944,43299.126,42054.909,41246.556,39447.018,40713.465,39062.595,39463.398,41889.822,45082.284,45522.633,42866.538,41282.124,41259.816,41419.17,43694.82,44223.582,43535.544,42874.26,42616.587,41431.65,38981.553,37497.096,35461.413,32372.886,30363.684,27415.518,24603.345,21879.195,19148.571,16755.687,14604.486,12780.885,11750.895,7066.41,5789.472,4645.368,3848.325,2571.582,1765.413,1226.94,843.18,1453.335
2039,34644.402,34899.813,35188.959,35495.967,35815.299,36146.799,36493.626,36857.457,37239.228,37639.719,38057.721,38487.462,38919.036,39339.885,39746.265,40140.867,40525.017,40896.609,41250.612,41575.482,41861.001,42105.999,42312.933,42482.31,42619.434,42723.993,42797.976,42848.247,41086.851,41143.206,41734.602,43048.161,43630.314,43860.492,44174.247,44915.949,44864.079,44804.37,46042.503,47009.625,46717.71,46780.578,46966.335,47572.2,48414.132,49100.259,49708.893,50801.829,51550.161,51504.687,49666.071,48468.186,47734.05,47800.545,47996.793,46129.941,46566.702,46262.307,45610.11,45982.599,43027.101,41766.894,40938.495,39124.449,40348.425,38677.86,39036.543,41392.728,44495.373,44871.411,42191.136,40563.081,40463.709,40533.87,42661.476,43066.608,42274.869,41497.521,41095.977,39786.981,37250.031,35635.743,33502.404,30377.568,28272.504,25304.604,22488.921,19785.753,17112.576,14780.454,12700.194,10942.074,9890.751,5838.885,4689.321,3682.692,2981.589,1944.228,1300.572,879.528,1524.471
2040,34454.004,34695.531,34967.049,35255.415,35557.275,35870.874,36197.421,36540.075,36900.435,37278.189,37673.415,38086.347,38511.798,38940.057,39361.257,39774.345,40183.338,40586.715,40979.289,41351.661,41685.852,41974.491,42221.166,42427.71,42594.669,42727.23,42825.978,42894.072,42938.688,41174.133,41226.9,41812.29,43116.918,43690.725,43914,44221.008,44955.261,44896.098,44828.667,46058.259,47015.943,46713.225,46764.432,46939.074,47534.058,48365.148,49039.926,49635.222,50711.661,51442.989,51381.486,49531.833,48322.443,47574.54,47623.719,47801.169,45923.631,46340.619,46019.454,45350.604,45697.938,42736.629,41459.028,40608.282,38778.012,39956.124,38264.967,38578.878,40860.183,43866.147,44171.634,41463.708,39788.307,39607.347,39583.791,41555.085,41830.035,40928.511,40028.586,39476.814,38032.137,35413.287,33679.854,31450.692,28298.439,26108.823,23143.029,20349.966,17694.534,15106.845,12863.916,10882.872,9218.781,8181.381,4734.639,3722.121,2856.984,2257.359,1434.381,933.738,1597.947
2041,34277.607,34505.913,34763.352,35033.895,35317.113,35613.201,35921.769,36244.182,36583.287,36939.63,37312.08,37702.197,38110.8,38532.936,38961.507,39389.727,39817.245,40245.543,40670.019,41081.04,41462.967,41800.278,42090.594,42337.035,42541.356,42703.518,42830.229,42923.01,42985.176,43025.619,41258.49,41305.758,41882.646,43178.187,43744.935,43961.736,44261.802,44988.099,44921.214,44846.373,46066.371,47012.55,46698.327,46738.419,46903.233,47488.116,48308.013,48969.336,49549.305,50608.701,51322.479,51245.181,49385.076,48163.83,47401.809,47432.619,47591.076,45704.178,46101.12,45761.781,45073.977,45394.011,42426.267,41129.166,40253.616,38405.484,39534.612,37821.654,38088.18,40288.989,43189.458,43417.647,40679.496,38954.331,38687.454,38565.618,40371.903,40508.832,39491.088,38463.516,37748.061,36169.458,33482.475,31630.521,29311.776,26146.224,23892.063,20955.012,18211.713,15632.643,13158.912,11033.1,9177.909,7633.509,6641.817,3762.603,2891.343,2166.021,1667.874,1031.433,1685.073
2042,34112.871,34330.14,34574.319,34830.705,35095.905,35373.312,35664.369,35968.764,36287.628,36622.716,36973.716,37341.018,37726.806,38132.094,38554.737,38990.328,39433.095,39880.191,40329.705,40772.667,41193.282,41578.29,41917.317,42207.399,42451.578,42651.258,42807.57,42928.197,43015.089,43073.004,43110.093,41338.206,41377.245,41945.67,43233.645,43793.529,44003.466,44296.083,45014.034,44939.739,44856.708,46065.084,46998.666,46673.757,46704.255,46859.865,47434.101,48240.66,48886.812,49451.259,50492.754,51188.904,51096.045,49225.215,47991.762,47215.077,47227.596,47367.567,45471.504,45846.801,45487.026,44778.669,45069.18,42093.48,40774.617,39872.001,38005.227,39082.095,37346.4,37561.797,39674.466,42459.729,42604.224,39834.678,38057.838,37701.339,37476.504,39107.094,39097.539,37958.895,36791.235,35911.59,34210.176,31458.336,29492.892,27096.303,23939.799,21646.677,18766.059,16101.696,13628.316,11296.311,9313.668,7607.613,6203.925,5284.695,2926.482,2195.076,1602.705,1201.161,1810.458
2043,33955.818,34165.989,34398.936,34642.023,34893.066,35152.416,35424.753,35711.598,36012.483,36327.252,36657.036,37002.81,37365.783,37748.256,38154.051,38583.753,39033.93,39496.392,39964.938,40433.211,40885.806,41309.58,41696.46,42035.214,42322.8,42562.299,42756.051,42906.318,43021.173,43103.814,43158.102,43189.653,41410.473,41441.127,42002.454,43283.331,43836.156,44038.488,44323.266,45033.339,44950.854,44857.683,46053.54,46975.305,46641.036,46662.603,46808.775,47370.258,48161.49,48792.198,49340.382,50364.132,51042.966,50933.649,49051.899,47805.81,47014.422,47009.235,47130.291,45224.361,45575.478,45193.356,44462.847,44720.715,41735.616,40393.119,39461.838,37575.291,38596.389,36836.202,36995.049,39011.076,41672.007,41727.699,38926.407,37096.293,36645.882,36311.847,37755.198,37591.944,36320.232,35013.342,33978.828,32155.032,29345.784,27277.614,24823.617,21703.266,19398.522,16604.172,14048.775,11709.906,9545.172,7728.24,6189.846,4942.197,4115.709,2224.716,1626.573,1155.96,2009.787
2044,33800.598,34009.638,34235.292,34466.991,34704.696,34949.85,35204.091,35472.255,35755.512,36052.302,36361.728,36686.325,37027.926,37387.701,37770.525,38183.457,38627.979,39097.929,39581.958,40069.302,40547.286,41003.04,41428.686,41815.293,42151.746,42434.652,42668.145,42855.774,42999.996,43110.834,43190.004,43238.52,43261.764,41475.369,41499.159,42053.856,43327.206,43872.27,44066.841,44344.092,45045.234,44952.57,44848.206,46032.363,46943.793,46600.866,46612.995,46747.662,47294.676,48070.386,48684.909,49217.025,50223.264,50883.69,50757.369,48864.387,47605.74,46800.702,46777.653,46878.429,44960.838,45285.63,44879.367,44123.859,44345.691,41350.257,39982.566,39020.709,37113.57,38074.803,36286.614,36382.827,38294.373,40822.587,40784.796,37951.758,36066.693,35516.559,35066.421,36312.315,35980.893,34577.088,33141.42,31950.633,30009.174,27155.349,25003.797,22518.483,19462.443,17176.497,14498.952,12081.849,9904.245,7928.622,6295.029,4936.893,3853.824,3133.104,1650.831,1174.992,2115.477
2045,33641.205,33854.925,34079.292,34303.854,34530.288,34762.104,35001.954,35251.788,35516.403,35795.526,36086.973,36391.134,36711.597,37050,37410.165,37800.126,38227.956,38692.29,39184.119,39687.219,40184.274,40665.651,41123.277,41548.65,41932.917,42264.417,42541.278,42768.843,42950.388,43090.32,43197.726,43271.046,43311.216,43326.27,41533.947,41551.38,42099.252,43364.568,43901.715,44088.798,44357.469,45047.652,44944.068,44829.642,46003.308,46904.754,46552.935,46553.637,46675.161,47207.784,47967.192,48565.725,49081.89,50069.487,50711.076,50566.893,48662.757,47392.371,46573.761,46531.329,46609.368,44678.751,44975.151,44542.173,43758.858,43941.378,40935.024,39540.735,38546.781,36617.451,37512.306,35692.371,35720.919,37521.159,39908.661,39772.824,36907.728,34964.514,34308.144,33736.17,34767.018,34265.712,32740.5,31175.742,29831.607,27782.898,24905.478,22695.738,20207.031,17245.644,15010.671,12479.922,10228.647,8235.513,6465.498,5026.749,3854.604,2937.636,2328.261,1194.219,2201.784
2046,33475.689,33696.039,33924.93,34148.127,34367.463,34587.969,34814.442,35049.885,35296.092,35556.612,35830.353,36116.574,36416.523,36733.827,37072.776,37440.312,37845.21,38292.969,38779.065,39290.043,39803.088,40303.575,40786.824,41244.177,41667.171,42046.68,42372.096,42642.756,42864.432,43041.648,43177.875,43279.626,43344.561,43376.463,43384.848,41587.143,41597.829,42137.94,43394.793,43924.53,44103.345,44361.642,45040.086,44926.206,44803.122,45966.882,46857.954,46495.254,46483.125,46591.389,47108.607,47852.142,48434.841,48934.08,49902.255,50523.993,50361.792,48447.789,47165.859,46332.312,46268.313,46321.509,44376.657,44641.584,44178.615,43365.27,43506.099,40488.24,39065.949,38037.285,36082.449,36904.257,35049.651,35006.244,36688.392,38926.914,38688.039,35789.247,33784.374,33016.815,32310.525,33120.555,32457.516,30811.131,29121.144,27632.007,25495.002,22620.312,20379.801,17918.745,15083.133,12931.659,10575.747,8514.012,6723.327,5169.099,3929.718,2942.199,2186.067,1686.789,2275.416
2047,33300.735,33531.225,33766.512,33994.077,34211.97,34425.339,34640.736,34862.763,35094.423,35336.496,35591.595,35860.071,36142.08,36438.87,36756.759,37103.079,37485.63,37910.73,38380.524,38885.652,39406.614,39923.286,40425.684,40908.621,41363.595,41781.792,42155.139,42474.354,42739.086,42956.394,43130.1,43260.633,43353.96,43410.588,43435.548,43437.537,41634.333,41637.726,42169.92,43418.856,43940.13,44108.688,44355.597,45023.121,44900.583,44769.543,45923.28,46801.833,46426.653,46401.342,46495.449,46997.769,47725.548,48291.438,48773.361,49721.022,50322.246,50142.807,48219.327,46924.878,46074.444,45986.577,46012.902,44051.943,44281.926,43786.314,42940.794,43036.851,40007.565,38554.932,37487.229,35503.377,36246.093,34355.256,34236.15,35793.576,37874.187,37525.371,34591.011,32522.568,31631.808,30790.539,31384.08,30556.89,28793.232,26987.298,25370.28,23169.588,20325.669,18085.197,15684.474,13005.369,10968.828,8811.933,6958.302,5381.649,4046.133,3003.507,2192.541,1586.091,2658.162
2048,33112.794,33356.778,33602.01,33835.932,34058.193,34270.08,34478.301,34689.369,34907.808,35135.295,35371.986,35621.664,35885.733,36164.544,36461.919,36787.257,37148.826,37551.696,37998.87,38487.93,39003.12,39527.748,40046.292,40548.378,41028.936,41479.074,41891.109,42258.138,42571.425,42831.945,43045.743,43213.521,43335.591,43420.572,43470.453,43488.978,43484.181,41674.971,41670.993,42195.816,43435.743,43946.526,44104.008,44340.465,44998.356,44868.135,44728.905,45870.006,46734.519,46347.015,46307.859,46388.355,46875.972,47587.02,48135.438,48599.109,49525.788,50106.888,49910.094,47976.318,46667.244,45798.09,45684.639,45681.246,43701.879,43893.876,43363.203,42483.324,42531.762,39489.84,38003.004,36891.582,34876.14,35534.46,33606.261,33408.102,34833.435,36745.254,36279.165,33308.964,31167.981,30153.942,29186.547,29557.983,28568.241,26696.514,24791.91,23070.021,20832.786,18050.175,15842.775,13535.613,11041.641,9148.698,7209.735,5576.259,4217.889,3096.639,2241.369,1593.189,2851.056
2049,32909.526,33169.305,33427.992,33671.898,33900.282,34116.537,34323.198,34527.168,34734.57,34948.836,35170.902,35402.289,35647.599,35908.314,36187.749,36492.768,36833.433,37215.36,37640.382,38106.9,38606.217,39125.112,39651.651,40169.883,40669.785,41145.468,41589.405,41995.161,42355.95,42665.025,42921.957,43129.827,43289.064,43402.983,43481.178,43524.585,43536.48,43524.39,41708.901,41697.903,42214.302,43443.387,43942.86,44090.241,44317.806,44967,44828.589,44678.985,45805.851,46656.051,46255.677,46203.261,46270.38,46742.397,47436.051,47966.1,48411.168,49317.138,49877.724,49662.288,47716.539,46391.319,45501.768,45359.73,45323.226,43323.657,43475.016,42906.864,41990.637,41987.478,38930.424,37405.134,36246.171,34197.696,34766.823,32800.716,32519.409,33803.523,35534.499,34944.819,31931.757,29721.783,28593.63,27499.017,27646.32,26500.656,24537.942,22557.522,20756.775,18513.768,15824.601,13684.047,11502.699,9218.742,7493.343,5784.558,4375.839,3232.476,2314.143,1631.019,2989.311
2050,32690.541,32966.7,33240.948,33498.114,33736.482,33958.821,34169.889,34372.221,34572.525,34775.754,34984.56,35201.361,35428.302,35670.492,35931.987,36218.871,36539.334,36900.396,37304.592,37749.231,38226.045,38729.067,39249.912,39776.139,40292.148,40787.175,41256.657,41694.432,42093.948,42450.291,42755.739,43006.938,43206.228,43357.08,43464.135,43535.856,43572.594,43577.391,43557.852,41736.474,41717.676,42223.818,43441.008,43930.146,44068.986,44288.361,44928.312,44779.722,44618.34,45730.932,46566.078,46152.99,46087.626,46140.744,46596.576,47271.9,47783.502,48210.357,49095.189,49633.974,49397.439,47438.118,46095.348,45182.943,45009.042,44936.151,42915.015,43022.772,42414.996,41459.301,41398.851,38324.169,36756.954,35547.681,33465.393,33940.881,31935.696,31565.469,32698.458,34237.593,33510.321,30460.248,28193.997,26951.106,25731.615,25657.983,24370.944,22339.512,20308.899,18459.363,16243.656,13679.991,11639.589,9613.305,7558.824,6018.987,4544.982,3357.9,2419.092,1686.438,3111.81
2051,32455.722,32748.183,33038.655,33311.304,33562.893,33795.216,34012.329,34219.068,34417.734,34613.865,34811.634,35015.097,35227.647,35451.429,35694.282,35963.304,36265.593,36606.765,36990.33,37414.182,37869.195,38349.753,38854.725,39375.297,39899.301,40410.396,40899.183,41362.464,41793.96,42189.03,42541.746,42841.383,43084.002,43274.829,43418.817,43519.32,43584.372,43613.973,43611.516,43585.074,41757.066,41728.479,42223.389,43429.737,43910.139,44040.945,44251.896,44880.693,44720.52,44547.282,45644.586,46464.912,46039.695,45960.525,45999.213,46438.002,47094.411,47587.917,47996.52,48858.576,49372.869,49113.246,47138.949,45776.094,44837.91,44629.221,44517.369,42473.301,42534.57,41883.738,40883.817,40759.914,37666.005,36054.759,34792.992,32676.462,33052.734,31006.092,30540.744,31513.209,32841.432,31975.632,28903.914,26583.999,25229.022,23891.244,23607.363,22199.502,20124.507,18072.834,16207.425,14053.143,11646.063,9736.779,7890.246,6077.994,4734.444,3491.943,2516.124,1765.413,3235.44
2052,32206.278,32513.871,32820.372,33109.401,33376.473,33621.822,33848.919,34061.664,34264.698,34459.152,34649.862,34842.288,35041.5,35250.852,35475.258,35725.677,36010.377,36333.414,36697.011,37100.271,37534.77,37993.566,38476.035,38980.968,39499.278,40018.368,40523.223,41005.77,41462.772,41889.783,42281.187,42628.092,42919.305,43153.422,43337.112,43474.782,43568.811,43626.453,43648.527,43639.128,43604.808,41768.454,41729.298,42214.146,43411.056,43883.346,44006.118,44206.578,44822.544,44650.476,44464.758,45547.164,46352.787,45914.7,45821.607,45844.851,46266.051,46904.364,47379.462,47768.058,48604.803,49092.42,48807.798,46816.38,45430.749,44464.017,44218.044,44064.579,41996.409,42007.173,41308.176,40258.842,40066.104,36952.5,35295.546,33979.53,31827.822,32097.936,30007.068,29441.217,30236.388,31346.718,30351.75,27263.223,24895.26,23434.944,21992.451,21515.481,20010.237,17920.422,15879.279,14032.59,11973.741,9751.014,7999.446,6351.228,4786.197,3641.781,2619.942,1838.577,3376.191
2053,31942.131,32265.012,32586.489,32891.352,33174.921,33435.753,33675.642,33898.371,34107.411,34306.233,34495.227,34680.633,34868.769,35064.822,35274.798,35506.965,35773.101,36078.588,36424.284,36807.693,37221.405,37659.726,38120.667,38603.058,39105.768,39619.164,40131.936,40630.551,41106.78,41559.297,41982.642,42368.157,42706.677,42989.31,43216.485,43393.818,43524.741,43611.594,43661.67,43676.841,43659.681,43615.65,41770.053,41721.342,42197.766,43385.823,43849.767,43962.438,44150.769,44753.709,44569.395,44371.587,45439.212,46229.391,45778.083,45670.053,45677.736,46082.01,46701.837,47157.045,47523.255,48332.388,48791.184,48478.326,46467.018,45056.271,44059.236,43773.249,43575.129,41480.751,41435.394,40682.655,39579.657,39313.872,36180.885,34476.936,33104.292,30915.144,31071.144,28934.49,28256.007,28868.502,29764.41,28639.026,25541.412,23135.112,21582.912,20054.151,19404.957,17830.098,15756.468,13759.083,11966.214,10034.427,8018.946,6445.92,5007.015,3685.929,2735.733,1917.045,3524.781
2054,31665.27,32001.333,32337.825,32657.703,32957.106,33234.357,33489.729,33725.289,33944.274,34149.102,34342.386,34526.076,34707.192,34892.13,35089.002,35306.778,35554.545,35841.507,36169.692,36535.434,36929.529,37347.102,37787.607,38248.47,38728.677,39226.434,39733.512,40239.81,40732.068,41203.968,41652.858,42070.314,42447.366,42777.306,43052.997,43273.737,43444.323,43567.992,43647.474,43690.608,43697.823,43670.874,43616.391,41762.838,41706.288,42174.951,43353.843,43807.179,43908.072,44084.352,44673.759,44477.55,44268.042,45320.106,46094.217,45628.869,45505.785,45498.648,45885.684,46485.504,46918.404,47260.122,48039.42,48465.885,48121.32,46088.289,44650.671,43620.837,43292.145,43045.665,40921.53,40813.734,40002.534,38842.908,38499.981,35348.625,33595.809,32162.52,29933.358,29968.263,27777.477,26985.543,27419.925,28094.781,26840.814,23745.93,21317.01,19691.139,18097.326,17301.687,15687.984,13663.104,11742.744,10037.157,8260.044,6468.345,5087.394,3860.649,2772.315,2004.327,3682.731
2055,31377.762,31724.901,32074.419,32409.234,32723.574,33016.698,33288.489,33539.454,33771.309,33986.043,34185.372,34373.274,34552.713,34730.631,34916.427,35121.06,35354.631,35623.497,35933.235,36281.271,36657.777,37055.928,37475.724,37916.19,38374.596,38849.889,39341.523,39842.088,40342.068,40829.997,41298.192,41741.193,42150.186,42518.58,42841.578,43110.795,43324.749,43488.12,43604.379,43677.075,43712.409,43709.835,43672.356,43608.318,41748.486,41684.799,42145.506,43313.088,43754.529,43843.761,44007.132,44583.123,44375.526,44153.772,45189.456,45946.368,45466.941,45329.622,45307.431,45675.981,46253.376,46661.862,46977.06,47722.935,48113.442,47734.011,45677.619,44211.102,43146.597,42771.378,42471.078,40313.325,40137.513,39264.42,38045.358,37621.506,34452.132,32647.095,31148.676,28878.213,28777.788,26536.38,25639.419,25890.618,26340.912,24964.836,21890.505,19458.972,17780.139,16145.883,15233.673,13614.12,11670.516,9858.537,8270.262,6669.741,5110.755,3927.3,2907.372,2033.733,3853.239
2056,31082.805,31437.978,31798.494,32146.179,32475.3,32783.478,33071.142,33338.331,33585.552,33813.156,34022.391,34216.377,34399.989,34576.386,34755.162,34948.758,35169.225,35423.739,35715.576,36045.438,36404.238,36784.839,37185.213,37604.97,38043.018,38496.549,38965.485,39450.606,39945.009,40440.66,40924.884,41387.19,41821.689,42222.024,42583.437,42899.961,43162.353,43369.014,43525.014,43634.409,43699.305,43725.006,43712.097,43665.024,43592.952,41727.738,41656.953,42107.637,43262.31,43691.7,43768.452,43919.499,44482.464,44262.777,44028.426,45046.794,45786.117,45293.508,45141.798,45103.188,45450.873,46003.737,46385.625,46671.183,47379.93,47730.657,47313.786,45232.59,43735.302,42633.006,42205.878,41845.713,39651.222,39403.104,38464.998,37184.238,36675.249,33486.765,31625.412,30058.392,27738.36,27499.953,25220.598,24217.635,24283.623,24510.33,23025.093,19992.999,17580.693,15873.117,14225.718,13229.736,11638.185,9806.628,8130.876,6684.873,5275.608,3949.881,2961.309,2135.679,3993.327
2057,30782.271,31143.45,31511.766,31870.41,32212.401,32535.36,32838,33121.101,33384.546,33627.516,33849.582,34053.435,34243.131,34423.74,34600.956,34787.571,34997.04,35238.645,35516.208,35828.208,36168.834,36531.534,36914.397,37314.927,37732.5,38165.634,38612.808,39075.231,39554.19,40044.225,40536.21,41014.545,41468.271,41894.151,42287.427,42642.405,42952.065,43207.359,43406.805,43555.746,43657.302,43712.526,43727.619,43705.311,43650.36,43571.19,41700.789,41620.683,42059.862,43201.431,43618.107,43682.964,43821.96,44371.041,44138.952,43891.341,44891.73,45614.049,45108.453,44940.987,44883.93,45208.761,45735.066,46087.47,46339.566,47007.246,47315.112,46857.837,44750.589,43219.917,42075.033,41590.146,41164.695,38931.789,38607.309,37601.577,36256.311,35655.555,32446.557,30526.236,28879.968,26514.111,26144.586,23830.326,22722.921,22605.453,22616.568,21040.266,18073.692,15704.988,13995.15,12363.585,11318.775,9788.064,8095.815,6579.027,5293.431,4082.013,2981.94,2178.189,4162.431
2058,30478.968,30843.267,31217.433,31583.838,31936.788,32272.539,32590.038,32888.037,33167.394,33426.588,33664.02,33880.704,34080.228,34266.921,34448.349,34633.404,34836.087,35066.733,35331.426,35629.191,35951.994,36296.715,36661.677,37044.54,37442.886,37855.74,38282.517,38723.178,39179.439,39654.03,40140.36,40626.261,41095.821,41541.123,41960.178,42346.941,42695.289,42997.812,43245.657,43438.239,43579.302,43671.186,43715.958,43721.613,43691.388,43629.3,43543.032,41665.611,41574.741,42002.298,43130.061,43534.335,43587.609,43713.969,44248.698,44003.31,43742.4,44725.278,45430.203,44910.372,44724.927,44647.551,44947.851,45444.555,45763.614,45979.089,46602.66,46864.194,46363.629,44227.911,42659.448,41467.062,40919.307,40424.397,38152.023,37747.593,36670.608,35255.766,34556.028,31326.633,29337.243,27613.443,25215.099,24711.96,22368.255,21161.439,20868.588,20677.761,19031.376,16155.633,13856.427,12172.407,10586.355,9527.817,8088.171,6557.304,5215.314,4100.616,3085.446,2196.129,4311.216
2059,30175.704,30540.393,30917.445,31289.661,31650.372,31997.082,32327.295,32640.192,32934.447,33209.475,33463.17,33695.22,33907.575,34104.018,34291.725,34481.031,34681.959,34906.092,35159.826,35444.721,35753.523,36080.46,36427.482,36792.444,37173.123,37566.711,37973.208,38393.472,38827.971,39279.708,39750.594,40230.996,40708.161,41169.297,41607.696,42020.277,42400.371,42741.582,43036.617,43277.559,43462.458,43593.81,43675.242,43710.576,43708.236,43671.03,43601.844,43506.216,41620.371,41518.893,41934.204,43048.59,43440.93,43481.841,43595.214,44114.733,43856.007,43582.383,44547.477,45233.682,44697.51,44492.487,44393.037,44665.647,45129.045,45411.405,45587.373,46163.208,46375.173,45827.769,43659.603,42048.513,40804.179,40189.5,39621.66,37309.155,36820.095,35666.319,34176.558,33371.715,30114.435,28058.55,26268.918,23841.441,23204.532,20840.04,19544.46,19089.33,18714.15,17022.408,14263.899,12060.789,10431.096,8919.066,7880.535,6557.772,5203.77,4044.768,3103.347,2275.221,4429.776
2060,29874.273,30237.675,30614.844,30989.985,31356.468,31710.783,32051.916,32377.527,32686.641,32976.645,33246.096,33494.409,33722.091,33931.443,34128.9,34324.641,34529.859,34752.042,34999.458,35273.433,35569.209,35882.34,36211.734,36558.795,36921.573,37297.338,37684.569,38084.748,38498.85,38928.786,39376.857,39841.815,40313.481,40782.183,41236.455,41668.38,42074.253,42447.171,42780.894,43069.026,43302.246,43477.629,43598.49,43670.406,43697.979,43688.619,43644.237,43565.886,43459.533,41565.576,41452.983,41856.36,42957.525,43337.112,43365.543,43465.227,43969.068,43697.55,43411.329,44357.235,45022.263,44468.19,44241.912,44117.619,44359.068,44785.806,45028.737,45161.961,45686.589,45844.617,45244.719,43040.01,41382.354,40082.874,39397.995,38753.715,36399.558,35819.355,34582.509,33013.461,32088.966,28810.08,26700.492,24846.354,22395.438,21628.191,19256.601,17887.077,17286.126,16748.94,15039.453,12424.698,10343.775,8795.982,7383.909,6395.844,5209.698,4040.439,3064.815,2291.445,4569.591
